"id","hs4","cpf4","coef"
1,"1007","0111",0.0623145
2,"1008","0111",0.0623145
3,"0713","0111",0.0623145
4,"0708","0111",0.0623145
5,"1001","0111",0.0623145
6,"1002","0111",0.0623145
7,"1003","0111",0.0623145
8,"1004","0111",0.0623145
9,"1207","0111",0.0311573
10,"1206","0111",0.0623145
11,"1005","0111",0.0623145
12,"1205","0111",0.0623145
13,"1204","0111",0.0623145
14,"9920","0111",0.0029674
15,"1213","0111",0.0623145
16,"1202","0111",0.0311573
17,"1201","0111",0.0623145
18,"1299","0111",0.0623145
19,"1006","0112",1.0
20,"0709","0113",0.0529101
21,"0714","0113",0.1058201
22,"0707","0113",0.1058201
23,"0706","0113",0.1058201
24,"0705","0113",0.1058201
25,"0704","0113",0.1058201
26,"1212","0113",0.021164
27,"0703","0113",0.1058201
28,"0702","0113",0.1058201
29,"0701","0113",0.1058201
30,"1209","0113",0.026455
31,"0807","0113",0.0529101
32,"1212","0114",1.0
33,"2401","0115",1.0
34,"5303","0116",0.1428571
35,"1207","0116",0.1428571
36,"5201","0116",0.2857143
37,"5301","0116",0.1428571
38,"5302","0116",0.1428571
39,"5399","0116",0.1428571
40,"0603","0119",0.5714286
41,"1214","0119",0.2857143
42,"1209","0119",0.1428571
43,"0806","0121",1.0
44,"0803","0122",0.2727273
45,"0804","0122",0.2727273
46,"0807","0122",0.2727273
47,"0810","0122",0.1818182
48,"0805","0123",1.0
49,"0810","0124",0.1428571
50,"0809","0124",0.4285714
51,"0808","0124",0.4285714
52,"0802","0125",0.3092784
53,"0810","0125",0.2061856
54,"0801","0125",0.2061856
55,"1209","0125",0.1546392
56,"1212","0125",0.1237113
57,"1203","0126",0.5454545
58,"0801","0126",0.1818182
59,"0709","0126",0.2727273
60,"0903","0127",0.3333333
61,"0901","0127",0.1666667
62,"1801","0127",0.3333333
63,"0902","0127",0.1666667
64,"0904","0128",0.0877193
65,"1212","0128",0.0350877
66,"1210","0128",0.1754386
67,"0910","0128",0.0877193
68,"0909","0128",0.0877193
69,"0908","0128",0.0877193
70,"0907","0128",0.0877193
71,"1211","0128",0.1754386
72,"0906","0128",0.0877193
73,"0905","0128",0.0877193
74,"1404","0129",0.2
75,"0604","0129",0.2
76,"4001","0129",0.2
77,"1401","0129",0.4
78,"0602","0130",0.3333333
79,"0601","0130",0.6666667
80,"0102","0141",1.0
81,"0102","0142",0.6666667
82,"0511","0142",0.3333333
83,"0101","0143",1.0
84,"0106","0144",1.0
85,"0104","0145",0.75
86,"5101","0145",0.25
87,"0103","0146",1.0
88,"0105","0147",0.75
89,"0407","0147",0.25
90,"0407","0149",0.047619
91,"0106","0149",0.047619
92,"1521","0149",0.0714286
93,"4103","0149",0.0714286
94,"0307","0149",0.047619
95,"4301","0149",0.1428571
96,"5001","0149",0.1428571
97,"5102","0149",0.1428571
98,"0409","0149",0.1428571
99,"0410","0149",0.1428571
100,"0602","0210",0.6666667
101,"1209","0210",0.3333333
102,"4401","0220",0.3333333
103,"4403","0220",0.6666667
104,"4001","0230",0.2
105,"0604","0230",0.2
106,"4501","0230",0.2
107,"1301","0230",0.4
108,"0508","0300",0.1954397
109,"0301","0300",0.1954397
110,"0302","0300",0.0977199
111,"0306","0300",0.0977199
112,"0307","0300",0.0651466
113,"0308","0300",0.0977199
114,"7101","0300",0.0977199
115,"0106","0300",0.0651466
116,"0511","0300",0.0488599
117,"1212","0300",0.0390879
118,"2701","0510",1.0
119,"2702","0520",1.0
120,"2709","0610",0.6666667
121,"2714","0610",0.3333333
122,"2711","0620",1.0
123,"2601","0710",1.0
124,"2612","0721",1.0
125,"2610","0729",0.0666667
126,"2617","0729",0.0666667
127,"2616","0729",0.0666667
128,"2615","0729",0.0666667
129,"2614","0729",0.0666667
130,"2613","0729",0.0666667
131,"2611","0729",0.0666667
132,"2609","0729",0.0666667
133,"2608","0729",0.0666667
134,"2607","0729",0.0666667
135,"2606","0729",0.0666667
136,"2605","0729",0.0666667
137,"2604","0729",0.0666667
138,"2603","0729",0.0666667
139,"2602","0729",0.0666667
140,"2518","0811",0.0769231
141,"2515","0811",0.1538462
142,"2521","0811",0.1538462
143,"2516","0811",0.1538462
144,"2509","0811",0.1538462
145,"2506","0811",0.0769231
146,"2520","0811",0.0769231
147,"2514","0811",0.1538462
148,"2507","0812",0.2857143
149,"2517","0812",0.1428571
150,"2508","0812",0.2857143
151,"2505","0812",0.2857143
152,"2529","0891",0.0833333
153,"2528","0891",0.1666667
154,"2530","0891",0.0833333
155,"2599","0891",0.0833333
156,"2511","0891",0.1666667
157,"2510","0891",0.1666667
158,"2503","0891",0.0833333
159,"2502","0891",0.1666667
160,"2703","0892",1.0
161,"2501","0893",1.0
162,"2526","0899",0.0952381
163,"2529","0899",0.047619
164,"2524","0899",0.0952381
165,"2519","0899",0.0952381
166,"2513","0899",0.0952381
167,"2512","0899",0.0952381
168,"2530","0899",0.047619
169,"2525","0899",0.0952381
170,"7102","0899",0.047619
171,"2621","0899",0.047619
172,"2714","0899",0.047619
173,"2506","0899",0.047619
174,"7103","0899",0.047619
175,"2504","0899",0.0952381
176,"0208","1011",0.0585366
177,"0206","1011",0.0585366
178,"0201","1011",0.0585366
179,"0511","1011",0.0146341
180,"0510","1011",0.0585366
181,"0507","1011",0.0585366
182,"1501","1011",0.0292683
183,"1502","1011",0.0585366
184,"0506","1011",0.0585366
185,"0504","1011",0.0585366
186,"0502","1011",0.0585366
187,"5101","1011",0.0195122
188,"4103","1011",0.0292683
189,"4102","1011",0.0585366
190,"4101","1011",0.0585366
191,"0209","1011",0.0292683
192,"0205","1011",0.0585366
193,"0204","1011",0.0585366
194,"0203","1011",0.0585366
195,"0202","1011",0.0585366
196,"6701","1012",0.25
197,"0207","1012",0.25
198,"0209","1012",0.125
199,"1501","1012",0.125
200,"0505","1012",0.25
201,"1601","1013",0.3333333
202,"0210","1013",0.3333333
203,"1602","1013",0.1666667
204,"2301","1013",0.1666667
205,"0308","1020",0.0659341
206,"2301","1020",0.0659341
207,"0511","1020",0.032967
208,"1605","1020",0.1318681
209,"0302","1020",0.0659341
210,"0303","1020",0.1318681
211,"0304","1020",0.1318681
212,"0305","1020",0.1318681
213,"0306","1020",0.0659341
214,"1604","1020",0.1318681
215,"0307","1020",0.043956
216,"0710","1031",0.1764706
217,"2004","1031",0.1764706
218,"2005","1031",0.1176471
219,"1105","1031",0.3529412
220,"0712","1031",0.1764706
221,"2009","1032",1.0
222,"1202","1039",0.032967
223,"0803","1039",0.032967
224,"0813","1039",0.0659341
225,"0812","1039",0.0659341
226,"2001","1039",0.0659341
227,"2002","1039",0.0659341
228,"2003","1039",0.0659341
229,"0712","1039",0.032967
230,"2004","1039",0.032967
231,"0710","1039",0.032967
232,"2005","1039",0.021978
233,"2308","1039",0.0659341
234,"0802","1039",0.032967
235,"0801","1039",0.021978
236,"0804","1039",0.032967
237,"0811","1039",0.0659341
238,"0711","1039",0.0659341
239,"2007","1039",0.032967
240,"0806","1039",0.032967
241,"2008","1039",0.0659341
242,"0814","1039",0.0659341
243,"1521","1041",0.027027
244,"1516","1041",0.0540541
245,"1208","1041",0.0540541
246,"1515","1041",0.027027
247,"1514","1041",0.0540541
248,"1513","1041",0.0540541
249,"1512","1041",0.0540541
250,"1404","1041",0.027027
251,"1503","1041",0.0540541
252,"1504","1041",0.0540541
253,"1506","1041",0.0540541
254,"1507","1041",0.0540541
255,"1508","1041",0.0540541
256,"1509","1041",0.0540541
257,"1510","1041",0.0540541
258,"2304","1041",0.0540541
259,"2305","1041",0.0540541
260,"2306","1041",0.0540541
261,"1511","1041",0.0540541
262,"1522","1041",0.0540541
263,"1517","1042",1.0
264,"3501","1051",0.0506329
265,"0401","1051",0.1518987
266,"0406","1051",0.1518987
267,"1702","1051",0.0379747
268,"0405","1051",0.1518987
269,"0404","1051",0.1518987
270,"0402","1051",0.1518987
271,"0403","1051",0.1518987
272,"2105","1052",1.0
273,"1901","1061",0.0425532
274,"1104","1061",0.1276596
275,"1904","1061",0.1276596
276,"1106","1061",0.1276596
277,"1103","1061",0.1276596
278,"1006","1061",0.0638298
279,"1101","1061",0.1276596
280,"1102","1061",0.1276596
281,"2302","1061",0.1276596
282,"1199","1062",0.1518987
283,"1108","1062",0.1518987
284,"1799","1062",0.1518987
285,"3505","1062",0.0759494
286,"1903","1062",0.1518987
287,"2303","1062",0.0506329
288,"1515","1062",0.0759494
289,"1702","1062",0.0379747
290,"1109","1062",0.1518987
291,"1905","1071",1.0
292,"1905","1072",1.0
293,"1902","1073",1.0
294,"1703","1081",0.3870968
295,"1702","1081",0.0967742
296,"2303","1081",0.1290323
297,"1701","1081",0.3870968
298,"1704","1082",0.1428571
299,"2006","1082",0.1428571
300,"1805","1082",0.1428571
301,"1804","1082",0.1428571
302,"1803","1082",0.1428571
303,"1802","1082",0.1428571
304,"1806","1082",0.1428571
305,"2199","1083",0.2
306,"0901","1083",0.2
307,"2101","1083",0.4
308,"0902","1083",0.2
309,"0909","1084",0.0833333
310,"2103","1084",0.1666667
311,"2209","1084",0.1666667
312,"2501","1084",0.0833333
313,"0910","1084",0.0833333
314,"0908","1084",0.0833333
315,"0907","1084",0.0833333
316,"0906","1084",0.0833333
317,"0905","1084",0.0833333
318,"0904","1084",0.0833333
319,"1902","1085",0.5
320,"2106","1085",0.5
321,"1901","1086",0.1538462
322,"2005","1086",0.1538462
323,"1602","1086",0.2307692
324,"2007","1086",0.2307692
325,"2104","1086",0.2307692
326,"1603","1089",0.1263158
327,"2102","1089",0.1263158
328,"1702","1089",0.0315789
329,"0408","1089",0.1263158
330,"1302","1089",0.1263158
331,"1399","1089",0.1263158
332,"2104","1089",0.0631579
333,"0407","1089",0.0421053
334,"1901","1089",0.0421053
335,"3502","1089",0.0631579
336,"2199","1089",0.0631579
337,"2106","1089",0.0631579
338,"2309","1091",0.5
339,"1214","1091",0.5
340,"2309","1092",1.0
341,"2208","1101",1.0
342,"2204","1102",0.5
343,"2307","1102",0.5
344,"2206","1103",1.0
345,"2205","1104",1.0
346,"2203","1105",0.5454545
347,"2303","1105",0.1818182
348,"2202","1105",0.2727273
349,"1107","1106",1.0
350,"2201","1107",0.6666667
351,"2202","1107",0.3333333
352,"2403","1200",0.4
353,"2401","1200",0.2
354,"2402","1200",0.4
355,"5508","1310",0.03
356,"5509","1310",0.03
357,"5109","1310",0.03
358,"5510","1310",0.03
359,"5511","1310",0.03
360,"1505","1310",0.03
361,"5406","1310",0.03
362,"5403","1310",0.015
363,"5402","1310",0.015
364,"5401","1310",0.03
365,"5399","1310",0.015
366,"5308","1310",0.03
367,"5307","1310",0.03
368,"5306","1310",0.03
369,"5305","1310",0.03
370,"5303","1310",0.015
371,"5302","1310",0.015
372,"5301","1310",0.015
373,"5207","1310",0.03
374,"5206","1310",0.03
375,"5205","1310",0.03
376,"5204","1310",0.03
377,"5203","1310",0.03
378,"5202","1310",0.015
379,"5110","1310",0.03
380,"5108","1310",0.03
381,"5107","1310",0.03
382,"5106","1310",0.03
383,"5105","1310",0.03
384,"5104","1310",0.03
385,"5103","1310",0.015
386,"5101","1310",0.01
387,"5006","1310",0.03
388,"5005","1310",0.03
389,"5004","1310",0.03
390,"5002","1310",0.03
391,"5507","1310",0.03
392,"5506","1310",0.03
393,"5515","1320",0.039924
394,"5007","1320",0.039924
395,"5111","1320",0.039924
396,"5112","1320",0.039924
397,"5113","1320",0.039924
398,"5208","1320",0.039924
399,"5209","1320",0.039924
400,"5210","1320",0.039924
401,"5211","1320",0.039924
402,"5212","1320",0.039924
403,"5299","1320",0.039924
404,"5309","1320",0.039924
405,"5310","1320",0.039924
406,"5311","1320",0.039924
407,"5407","1320",0.039924
408,"5408","1320",0.039924
409,"5512","1320",0.039924
410,"5513","1320",0.039924
411,"5514","1320",0.039924
412,"5516","1320",0.039924
413,"5599","1320",0.019962
414,"5801","1320",0.039924
415,"5802","1320",0.039924
416,"5803","1320",0.039924
417,"5899","1320",0.039924
418,"7019","1320",0.019962
419,"9920","1320",0.0019011
420,"6004","1391",0.1242604
421,"9920","1391",0.0059172
422,"6005","1391",0.1242604
423,"6006","1391",0.1242604
424,"6099","1391",0.1242604
425,"4304","1391",0.1242604
426,"6001","1391",0.1242604
427,"6002","1391",0.1242604
428,"6003","1391",0.1242604
429,"6303","1392",0.0948081
430,"8804","1392",0.0948081
431,"6304","1392",0.0948081
432,"9920","1392",0.0045147
433,"6305","1392",0.0948081
434,"6302","1392",0.0948081
435,"6301","1392",0.0474041
436,"6399","1392",0.0948081
437,"6308","1392",0.0948081
438,"9404","1392",0.0474041
439,"6307","1392",0.0474041
440,"5805","1392",0.0948081
441,"6306","1392",0.0948081
442,"5702","1393",0.2
443,"5703","1393",0.2
444,"5704","1393",0.2
445,"5705","1393",0.2
446,"5701","1393",0.2
447,"5609","1394",0.25
448,"5608","1394",0.25
449,"5607","1394",0.25
450,"6310","1394",0.25
451,"5603","1395",1.0
452,"5901","1396",0.0714286
453,"5604","1396",0.0714286
454,"5605","1396",0.0714286
455,"5911","1396",0.0714286
456,"5910","1396",0.0714286
457,"5909","1396",0.0714286
458,"5908","1396",0.0714286
459,"5907","1396",0.0714286
460,"5903","1396",0.0714286
461,"5902","1396",0.0714286
462,"5809","1396",0.0714286
463,"5808","1396",0.0714286
464,"5807","1396",0.0714286
465,"5806","1396",0.0714286
466,"5606","1399",0.1666667
467,"5810","1399",0.1666667
468,"5804","1399",0.1666667
469,"5601","1399",0.0833333
470,"5602","1399",0.1666667
471,"5811","1399",0.1666667
472,"9616","1399",0.0833333
473,"4203","1411",1.0
474,"6203","1412",0.3333333
475,"6204","1412",0.3333333
476,"6211","1412",0.3333333
477,"6103","1413",0.125
478,"6101","1413",0.125
479,"6202","1413",0.125
480,"6309","1413",0.125
481,"6201","1413",0.125
482,"6203","1413",0.0625
483,"6204","1413",0.0625
484,"6104","1413",0.125
485,"6102","1413",0.125
486,"6208","1414",0.1
487,"6109","1414",0.1
488,"6108","1414",0.1
489,"6107","1414",0.1
490,"6106","1414",0.1
491,"6105","1414",0.1
492,"6212","1414",0.1
493,"6207","1414",0.1
494,"6206","1414",0.1
495,"6205","1414",0.1
496,"6299","1419",0.0451856
497,"6505","1419",0.0451856
498,"6504","1419",0.0451856
499,"6502","1419",0.0451856
500,"6501","1419",0.0451856
501,"6214","1419",0.0451856
502,"6506","1419",0.0150619
503,"6213","1419",0.0451856
504,"6111","1419",0.0451856
505,"6599","1419",0.0451856
506,"6217","1419",0.0451856
507,"6215","1419",0.0451856
508,"6507","1419",0.0451856
509,"4203","1419",0.0112964
510,"6112","1419",0.0451856
511,"6211","1419",0.0225928
512,"6113","1419",0.0451856
513,"6210","1419",0.0451856
514,"6209","1419",0.0451856
515,"6114","1419",0.0451856
516,"6116","1419",0.0451856
517,"6117","1419",0.0451856
518,"6199","1419",0.0451856
519,"9920","1419",0.0021517
520,"6216","1419",0.0451856
521,"4303","1420",1.0
522,"6115","1431",1.0
523,"6110","1439",1.0
524,"4107","1511",0.1176471
525,"4115","1511",0.0588235
526,"4114","1511",0.1176471
527,"4113","1511",0.1176471
528,"4302","1511",0.1176471
529,"4106","1511",0.1176471
530,"4105","1511",0.1176471
531,"4104","1511",0.1176471
532,"4112","1511",0.1176471
533,"9113","1512",0.0619469
534,"9920","1512",0.0088496
535,"4201","1512",0.1858407
536,"4299","1512",0.1858407
537,"9605","1512",0.1858407
538,"4205","1512",0.1858407
539,"4202","1512",0.1858407
540,"6404","1520",0.1858407
541,"6499","1520",0.1858407
542,"6405","1520",0.1858407
543,"6406","1520",0.0619469
544,"9920","1520",0.0088496
545,"6402","1520",0.0929204
546,"6403","1520",0.0929204
547,"6401","1520",0.1858407
548,"4405","1610",0.173913
549,"4403","1610",0.0869565
550,"4407","1610",0.173913
551,"4404","1610",0.173913
552,"4406","1610",0.173913
553,"4401","1610",0.0434783
554,"4409","1610",0.173913
555,"4412","1621",0.2
556,"4408","1621",0.2
557,"4410","1621",0.2
558,"4411","1621",0.2
559,"4413","1621",0.2
560,"4418","1622",1.0
561,"9406","1623",0.4
562,"4418","1623",0.6
563,"4415","1624",0.5
564,"4416","1624",0.5
565,"4420","1629",0.0888889
566,"9614","1629",0.0444444
567,"4419","1629",0.0888889
568,"4421","1629",0.0444444
569,"4501","1629",0.0444444
570,"4417","1629",0.0888889
571,"4502","1629",0.0888889
572,"4401","1629",0.0222222
573,"4414","1629",0.0888889
574,"6603","1629",0.0444444
575,"4503","1629",0.0888889
576,"4504","1629",0.0888889
577,"4601","1629",0.0888889
578,"4602","1629",0.0888889
579,"4706","1711",0.1666667
580,"4701","1711",0.1666667
581,"4705","1711",0.1666667
582,"4702","1711",0.1666667
583,"4704","1711",0.1666667
584,"4703","1711",0.1666667
585,"4809","1712",0.0869565
586,"4803","1712",0.0869565
587,"4802","1712",0.0869565
588,"4801","1712",0.0869565
589,"4813","1712",0.0434783
590,"4811","1712",0.0869565
591,"4810","1712",0.0869565
592,"4808","1712",0.0434783
593,"4899","1712",0.0434783
594,"4807","1712",0.0869565
595,"4806","1712",0.0869565
596,"4805","1712",0.0869565
597,"4804","1712",0.0869565
598,"4808","1721",0.3333333
599,"4819","1721",0.6666667
600,"9619","1722",0.2142857
601,"4823","1722",0.1428571
602,"5601","1722",0.2142857
603,"4818","1722",0.4285714
604,"4816","1723",0.3
605,"4823","1723",0.1
606,"4820","1723",0.3
607,"4817","1723",0.3
608,"4814","1724",0.5
609,"5905","1724",0.5
610,"4821","1729",0.2307692
611,"4822","1729",0.2307692
612,"4823","1729",0.0769231
613,"4899","1729",0.1153846
614,"4812","1729",0.2307692
615,"4813","1729",0.1153846
616,"8442","1813",1.0
617,"2708","1910",0.3333333
618,"2706","1910",0.3333333
619,"2704","1910",0.3333333
620,"2702","1920",0.125
621,"2713","1920",0.25
622,"2701","1920",0.125
623,"2712","1920",0.25
624,"2711","1920",0.125
625,"2710","1920",0.125
626,"2804","2011",0.3333333
627,"2853","2011",0.3333333
628,"2811","2011",0.3333333
629,"2817","2012",0.0689655
630,"2820","2012",0.0689655
631,"2819","2012",0.0689655
632,"2821","2012",0.0689655
633,"3201","2012",0.0689655
634,"3202","2012",0.0689655
635,"3203","2012",0.0689655
636,"3204","2012",0.0689655
637,"2825","2012",0.0344828
638,"2824","2012",0.0689655
639,"2823","2012",0.0689655
640,"2822","2012",0.0689655
641,"3205","2012",0.0689655
642,"3206","2012",0.0689655
643,"3299","2012",0.0689655
644,"8401","2013",0.0085837
645,"2853","2013",0.0128755
646,"2852","2013",0.0257511
647,"2828","2013",0.0257511
648,"2827","2013",0.0128755
649,"2850","2013",0.0257511
650,"2849","2013",0.0257511
651,"2847","2013",0.0257511
652,"2846","2013",0.0257511
653,"2845","2013",0.0257511
654,"2844","2013",0.0085837
655,"2843","2013",0.0257511
656,"2842","2013",0.0257511
657,"2841","2013",0.0257511
658,"2840","2013",0.0257511
659,"2839","2013",0.0257511
660,"2837","2013",0.0257511
661,"2826","2013",0.0257511
662,"2825","2013",0.0128755
663,"2836","2013",0.0257511
664,"2835","2013",0.0257511
665,"2834","2013",0.0128755
666,"2833","2013",0.0257511
667,"2832","2013",0.0257511
668,"2831","2013",0.0257511
669,"2830","2013",0.0257511
670,"2829","2013",0.0257511
671,"2818","2013",0.0085837
672,"2816","2013",0.0257511
673,"2815","2013",0.0257511
674,"2813","2013",0.0257511
675,"2812","2013",0.0257511
676,"2811","2013",0.0128755
677,"2810","2013",0.0257511
678,"2809","2013",0.0257511
679,"2807","2013",0.0257511
680,"2806","2013",0.0257511
681,"2805","2013",0.0257511
682,"2804","2013",0.0128755
683,"2803","2013",0.0257511
684,"2899","2013",0.0085837
685,"2802","2013",0.0257511
686,"2801","2013",0.0257511
687,"7104","2013",0.0128755
688,"2601","2013",0.0128755
689,"2503","2013",0.0128755
690,"3804","2014",0.0227027
691,"3507","2014",0.0227027
692,"4402","2014",0.0227027
693,"2901","2014",0.0227027
694,"2902","2014",0.0227027
695,"2903","2014",0.0227027
696,"2904","2014",0.0227027
697,"2905","2014",0.0227027
698,"2906","2014",0.0227027
699,"2907","2014",0.0227027
700,"2908","2014",0.0227027
701,"3899","2014",0.0113514
702,"2909","2014",0.0227027
703,"2910","2014",0.0227027
704,"2911","2014",0.0227027
705,"2912","2014",0.0227027
706,"2913","2014",0.0227027
707,"3823","2014",0.0227027
708,"2914","2014",0.0227027
709,"2915","2014",0.0227027
710,"2916","2014",0.0227027
711,"2917","2014",0.0227027
712,"2918","2014",0.0113514
713,"2919","2014",0.0227027
714,"2920","2014",0.0227027
715,"2921","2014",0.0227027
716,"2922","2014",0.0113514
717,"2924","2014",0.0113514
718,"2925","2014",0.0227027
719,"2926","2014",0.0227027
720,"2927","2014",0.0227027
721,"2928","2014",0.0227027
722,"2929","2014",0.0227027
723,"2930","2014",0.0227027
724,"2931","2014",0.0227027
725,"2932","2014",0.0113514
726,"2933","2014",0.0113514
727,"2934","2014",0.0113514
728,"2939","2014",0.0113514
729,"2942","2014",0.0227027
730,"2999","2014",0.0113514
731,"3807","2014",0.0227027
732,"3806","2014",0.0227027
733,"3805","2014",0.0227027
734,"2207","2014",0.0227027
735,"3803","2014",0.0227027
736,"2799","2014",0.0227027
737,"3802","2014",0.0113514
738,"9920","2014",0.0010811
739,"2707","2014",0.0227027
740,"3101","2015",0.1071429
741,"3102","2015",0.1071429
742,"2834","2015",0.0535714
743,"2808","2015",0.1071429
744,"3104","2015",0.1071429
745,"2899","2015",0.0357143
746,"3103","2015",0.1071429
747,"2814","2015",0.1071429
748,"3199","2015",0.1071429
749,"3105","2015",0.1071429
750,"2827","2015",0.0535714
751,"3909","2016",0.0689655
752,"3908","2016",0.0689655
753,"3907","2016",0.0689655
754,"3905","2016",0.0689655
755,"3906","2016",0.0689655
756,"3904","2016",0.0689655
757,"3999","2016",0.0344828
758,"3901","2016",0.0689655
759,"3902","2016",0.0689655
760,"3903","2016",0.0689655
761,"3914","2016",0.0689655
762,"3913","2016",0.0689655
763,"3912","2016",0.0689655
764,"3911","2016",0.0689655
765,"3910","2016",0.0689655
766,"4099","2017",0.5
767,"4002","2017",0.5
768,"3808","2020",1.0
769,"3212","2030",0.1052632
770,"3215","2030",0.0526316
771,"3207","2030",0.1052632
772,"3208","2030",0.1052632
773,"3209","2030",0.1052632
774,"3210","2030",0.1052632
775,"3211","2030",0.1052632
776,"3814","2030",0.1052632
777,"3213","2030",0.1052632
778,"3214","2030",0.1052632
779,"3405","2041",0.2
780,"3404","2041",0.2
781,"1520","2041",0.2
782,"3402","2041",0.2
783,"3307","2041",0.1
784,"3401","2041",0.1
785,"3303","2042",0.1653543
786,"3307","2042",0.0826772
787,"9920","2042",0.007874
788,"3401","2042",0.0826772
789,"3306","2042",0.1653543
790,"3305","2042",0.1653543
791,"3304","2042",0.1653543
792,"3399","2042",0.1653543
793,"3602","2051",0.1818182
794,"3699","2051",0.0909091
795,"3605","2051",0.1818182
796,"3604","2051",0.1818182
797,"3603","2051",0.1818182
798,"3601","2051",0.1818182
799,"3501","2052",0.1428571
800,"3506","2052",0.4285714
801,"3505","2052",0.2142857
802,"3503","2052",0.2142857
803,"3301","2053",0.5
804,"3302","2053",0.5
805,"3215","2059",0.0207612
806,"3819","2059",0.0415225
807,"3818","2059",0.0415225
808,"3802","2059",0.0207612
809,"3813","2059",0.0415225
810,"3707","2059",0.0415225
811,"3826","2059",0.0415225
812,"3899","2059",0.0207612
813,"3502","2059",0.0207612
814,"3703","2059",0.0415225
815,"3822","2059",0.0415225
816,"3702","2059",0.0415225
817,"1518","2059",0.0415225
818,"3809","2059",0.0415225
819,"3810","2059",0.0415225
820,"3815","2059",0.0415225
821,"3812","2059",0.0415225
822,"3821","2059",0.0415225
823,"3403","2059",0.0415225
824,"3817","2059",0.0415225
825,"3504","2059",0.0415225
826,"3503","2059",0.0207612
827,"3824","2059",0.0103806
828,"3811","2059",0.0415225
829,"3501","2059",0.0138408
830,"3407","2059",0.0415225
831,"3820","2059",0.0415225
832,"3701","2059",0.0415225
833,"5504","2060",0.1333333
834,"5403","2060",0.0666667
835,"5404","2060",0.1333333
836,"5405","2060",0.1333333
837,"5402","2060",0.0666667
838,"5599","2060",0.0666667
839,"5501","2060",0.1333333
840,"5502","2060",0.1333333
841,"5503","2060",0.1333333
842,"2924","2110",0.04
843,"2918","2110",0.04
844,"3001","2110",0.08
845,"2933","2110",0.04
846,"3002","2110",0.04
847,"2934","2110",0.04
848,"2935","2110",0.08
849,"2936","2110",0.08
850,"2937","2110",0.08
851,"2938","2110",0.08
852,"2939","2110",0.04
853,"2940","2110",0.08
854,"2941","2110",0.08
855,"2922","2110",0.04
856,"2923","2110",0.08
857,"2999","2110",0.04
858,"2932","2110",0.04
859,"3002","2120",0.0974478
860,"3824","2120",0.0487239
861,"3004","2120",0.1948956
862,"3006","2120",0.0649652
863,"3005","2120",0.1948956
864,"9920","2120",0.0092807
865,"3099","2120",0.1948956
866,"3003","2120",0.1948956
867,"4011","2211",0.3333333
868,"4013","2211",0.3333333
869,"4006","2211",0.1666667
870,"4012","2211",0.1666667
871,"4015","2219",0.084507
872,"4003","2219",0.084507
873,"4005","2219",0.084507
874,"4006","2219",0.0422535
875,"4007","2219",0.084507
876,"4008","2219",0.084507
877,"4009","2219",0.084507
878,"4010","2219",0.084507
879,"4014","2219",0.084507
880,"4016","2219",0.084507
881,"4017","2219",0.084507
882,"5906","2219",0.084507
883,"6406","2219",0.028169
884,"3920","2221",0.2222222
885,"3917","2221",0.2222222
886,"3921","2221",0.2222222
887,"3999","2221",0.1111111
888,"3916","2221",0.2222222
889,"3923","2222",1.0
890,"3922","2223",0.2857143
891,"3918","2223",0.2857143
892,"3925","2223",0.1428571
893,"5904","2223",0.2857143
894,"6406","2229",0.0666667
895,"9619","2229",0.1
896,"3919","2229",0.2
897,"6506","2229",0.0666667
898,"3924","2229",0.2
899,"9405","2229",0.0666667
900,"9615","2229",0.1
901,"3926","2229",0.2
902,"7005","2311",0.3333333
903,"7003","2311",0.3333333
904,"7004","2311",0.3333333
905,"7009","2312",0.25
906,"7008","2312",0.25
907,"7006","2312",0.25
908,"7007","2312",0.25
909,"7010","2313",0.25
910,"7020","2313",0.25
911,"7013","2313",0.5
912,"7019","2314",1.0
913,"7001","2319",0.0545455
914,"7014","2319",0.1090909
915,"7010","2319",0.0545455
916,"7011","2319",0.1090909
917,"9405","2319",0.0363636
918,"7002","2319",0.1090909
919,"7018","2319",0.1090909
920,"7017","2319",0.1090909
921,"8546","2319",0.0363636
922,"7016","2319",0.1090909
923,"7015","2319",0.1090909
924,"7020","2319",0.0545455
925,"6902","2320",0.2222222
926,"3816","2320",0.2222222
927,"6901","2320",0.2222222
928,"6815","2320",0.1111111
929,"6903","2320",0.2222222
930,"6907","2331",1.0
931,"6905","2332",0.3333333
932,"6906","2332",0.3333333
933,"6904","2332",0.3333333
934,"6912","2341",0.3333333
935,"6913","2341",0.3333333
936,"6911","2341",0.3333333
937,"6910","2342",1.0
938,"8546","2343",0.5
939,"8547","2343",0.5
940,"8505","2344",0.4
941,"6909","2344",0.6
942,"6914","2349",0.6666667
943,"6909","2349",0.3333333
944,"2523","2351",0.6666667
945,"2599","2351",0.3333333
946,"2520","2352",0.25
947,"2522","2352",0.5
948,"2518","2352",0.25
949,"9406","2361",0.4
950,"6810","2361",0.6
951,"6809","2362",1.0
952,"3824","2363",1.0
953,"3824","2364",1.0
954,"6808","2365",0.5
955,"6811","2365",0.5
956,"6809","2369",0.5
957,"6810","2369",0.5
958,"6802","2370",0.3333333
959,"6803","2370",0.3333333
960,"6801","2370",0.3333333
961,"6805","2391",0.5
962,"6804","2391",0.5
963,"2899","2399",0.0384615
964,"6814","2399",0.1153846
965,"6813","2399",0.1153846
966,"6812","2399",0.1153846
967,"2715","2399",0.1153846
968,"3801","2399",0.1153846
969,"2517","2399",0.0576923
970,"2818","2399",0.0384615
971,"6807","2399",0.1153846
972,"6806","2399",0.1153846
973,"6815","2399",0.0576923
974,"7203","2410",0.0413793
975,"7201","2410",0.0413793
976,"7202","2410",0.0413793
977,"7204","2410",0.0206897
978,"7205","2410",0.0413793
979,"7206","2410",0.0413793
980,"7207","2410",0.0413793
981,"7208","2410",0.0413793
982,"7209","2410",0.0413793
983,"7210","2410",0.0413793
984,"7211","2410",0.0206897
985,"7212","2410",0.0206897
986,"7213","2410",0.0413793
987,"7214","2410",0.0413793
988,"7216","2410",0.0137931
989,"7218","2410",0.0413793
990,"7219","2410",0.0413793
991,"7220","2410",0.0206897
992,"7221","2410",0.0413793
993,"7222","2410",0.0137931
994,"7224","2410",0.0413793
995,"7225","2410",0.0413793
996,"7226","2410",0.0206897
997,"7227","2410",0.0413793
998,"7228","2410",0.0206897
999,"7299","2410",0.0413793
1000,"7301","2410",0.0413793
1001,"7302","2410",0.0413793
1002,"7399","2410",0.0206897
1003,"7304","2420",0.3
1004,"7307","2420",0.1
1005,"7305","2420",0.3
1006,"7306","2420",0.3
1007,"7228","2431",0.2307692
1008,"7216","2431",0.1538462
1009,"7222","2431",0.1538462
1010,"7215","2431",0.4615385
1011,"7220","2432",0.25
1012,"7211","2432",0.25
1013,"7226","2432",0.25
1014,"7212","2432",0.25
1015,"7308","2433",0.3333333
1016,"7216","2433",0.3333333
1017,"7222","2433",0.3333333
1018,"7223","2434",0.3333333
1019,"7229","2434",0.3333333
1020,"7217","2434",0.3333333
1021,"7110","2441",0.1538462
1022,"7106","2441",0.1538462
1023,"7107","2441",0.1538462
1024,"7108","2441",0.1538462
1025,"7109","2441",0.1538462
1026,"7111","2441",0.1538462
1027,"7115","2441",0.0769231
1028,"7605","2442",0.12
1029,"2818","2442",0.04
1030,"7603","2442",0.12
1031,"7609","2442",0.12
1032,"7608","2442",0.12
1033,"7607","2442",0.12
1034,"7601","2442",0.12
1035,"7606","2442",0.12
1036,"7604","2442",0.12
1037,"8001","2443",0.1111111
1038,"7999","2443",0.1111111
1039,"7905","2443",0.1111111
1040,"7904","2443",0.1111111
1041,"7903","2443",0.1111111
1042,"8003","2443",0.1111111
1043,"7901","2443",0.1111111
1044,"7804","2443",0.1111111
1045,"7801","2443",0.1111111
1046,"7401","2444",0.0833333
1047,"7499","2444",0.0833333
1048,"7412","2444",0.0833333
1049,"7411","2444",0.0833333
1050,"7410","2444",0.0833333
1051,"7409","2444",0.0833333
1052,"7408","2444",0.0833333
1053,"7407","2444",0.0833333
1054,"7406","2444",0.0833333
1055,"7405","2444",0.0833333
1056,"7403","2444",0.0833333
1057,"7402","2444",0.0833333
1058,"8101","2445",0.0337079
1059,"8106","2445",0.0674157
1060,"8107","2445",0.0337079
1061,"7504","2445",0.0674157
1062,"7502","2445",0.0674157
1063,"7501","2445",0.0674157
1064,"8108","2445",0.0337079
1065,"7505","2445",0.0674157
1066,"8105","2445",0.0337079
1067,"8109","2445",0.0337079
1068,"8110","2445",0.0337079
1069,"7506","2445",0.0674157
1070,"7507","2445",0.0674157
1071,"8104","2445",0.0337079
1072,"8103","2445",0.0337079
1073,"8111","2445",0.0674157
1074,"8112","2445",0.0224719
1075,"8113","2445",0.0674157
1076,"8199","2445",0.0674157
1077,"8102","2445",0.0337079
1078,"2844","2446",1.0
1079,"7303","2451",0.5454545
1080,"7399","2451",0.2727273
1081,"7307","2451",0.1818182
1082,"7307","2452",1.0
1083,"9406","2511",0.2857143
1084,"7308","2511",0.2857143
1085,"7610","2511",0.4285714
1086,"7308","2512",0.4
1087,"7610","2512",0.6
1088,"7322","2521",0.3333333
1089,"8403","2521",0.6666667
1090,"7311","2529",0.25
1091,"7309","2529",0.25
1092,"7611","2529",0.25
1093,"7613","2529",0.25
1094,"8401","2530",0.1428571
1095,"8402","2530",0.4285714
1096,"8404","2530",0.4285714
1097,"9620","2540",0.0769231
1098,"9304","2540",0.1538462
1099,"9306","2540",0.1538462
1100,"9305","2540",0.1538462
1101,"9303","2540",0.1538462
1102,"9302","2540",0.1538462
1103,"9301","2540",0.1538462
1104,"9307","2571",0.1418919
1105,"8215","2571",0.1418919
1106,"8213","2571",0.1418919
1107,"9920","2571",0.0067568
1108,"8214","2571",0.1418919
1109,"8211","2571",0.1418919
1110,"8212","2571",0.1418919
1111,"8299","2571",0.1418919
1112,"8301","2572",0.5
1113,"8302","2572",0.5
1114,"8204","2573",0.1
1115,"8209","2573",0.1
1116,"8208","2573",0.1
1117,"8207","2573",0.1
1118,"8206","2573",0.1
1119,"8205","2573",0.1
1120,"8203","2573",0.1
1121,"8202","2573",0.1
1122,"8201","2573",0.1
1123,"8480","2573",0.1
1124,"7310","2591",1.0
1125,"8309","2592",0.4
1126,"7612","2592",0.4
1127,"7310","2592",0.2
1128,"7315","2593",0.0454545
1129,"7616","2593",0.0454545
1130,"7319","2593",0.0909091
1131,"7614","2593",0.0909091
1132,"7320","2593",0.0909091
1133,"8311","2593",0.0909091
1134,"7413","2593",0.0909091
1135,"7415","2593",0.0454545
1136,"7317","2593",0.0909091
1137,"7419","2593",0.0454545
1138,"7312","2593",0.0909091
1139,"7313","2593",0.0909091
1140,"7314","2593",0.0909091
1141,"7415","2594",0.3333333
1142,"7318","2594",0.6666667
1143,"9880","2599",0.0150376
1144,"7316","2599",0.0451128
1145,"7323","2599",0.0451128
1146,"7324","2599",0.0451128
1147,"7325","2599",0.0451128
1148,"7326","2599",0.0451128
1149,"7398","2599",0.0451128
1150,"7418","2599",0.0225564
1151,"7419","2599",0.0225564
1152,"7508","2599",0.0451128
1153,"8487","2599",0.0225564
1154,"7615","2599",0.0451128
1155,"7616","2599",0.0225564
1156,"7806","2599",0.0451128
1157,"7907","2599",0.0451128
1158,"8007","2599",0.0451128
1159,"9615","2599",0.0225564
1160,"8210","2599",0.0451128
1161,"8303","2599",0.0451128
1162,"8304","2599",0.0451128
1163,"8305","2599",0.0451128
1164,"8306","2599",0.0451128
1165,"8307","2599",0.0451128
1166,"8308","2599",0.0451128
1167,"8310","2599",0.0451128
1168,"8505","2599",0.0150376
1169,"8542","2611",0.25
1170,"8522","2611",0.125
1171,"8534","2611",0.125
1172,"8540","2611",0.25
1173,"8541","2611",0.25
1174,"8599","2612",0.4117647
1175,"8534","2612",0.4117647
1176,"9920","2612",0.0392157
1177,"8523","2612",0.1372549
1178,"8472","2620",0.1714286
1179,"8471","2620",0.3428571
1180,"8528","2620",0.1714286
1181,"8443","2620",0.0857143
1182,"8523","2620",0.0571429
1183,"8473","2620",0.1714286
1184,"8531","2630",0.25
1185,"8517","2630",0.25
1186,"8519","2630",0.1666667
1187,"8525","2630",0.1666667
1188,"8529","2630",0.1666667
1189,"8528","2640",0.0833333
1190,"8529","2640",0.0555556
1191,"9504","2640",0.0833333
1192,"8517","2640",0.0833333
1193,"8518","2640",0.1666667
1194,"8519","2640",0.0555556
1195,"8521","2640",0.1666667
1196,"8522","2640",0.0833333
1197,"8525","2640",0.0555556
1198,"8527","2640",0.1666667
1199,"9032","2651",0.0769231
1200,"9031","2651",0.025641
1201,"9030","2651",0.0769231
1202,"9014","2651",0.0769231
1203,"9029","2651",0.0384615
1204,"9028","2651",0.0769231
1205,"9016","2651",0.0769231
1206,"9027","2651",0.0384615
1207,"9012","2651",0.0769231
1208,"9024","2651",0.0769231
1209,"9026","2651",0.0769231
1210,"9017","2651",0.0384615
1211,"9025","2651",0.0384615
1212,"8529","2651",0.025641
1213,"8526","2651",0.0769231
1214,"9015","2651",0.025641
1215,"9033","2651",0.0769231
1216,"9109","2652",0.0711864
1217,"9114","2652",0.0711864
1218,"9102","2652",0.0711864
1219,"9112","2652",0.0711864
1220,"9920","2652",0.0033898
1221,"9105","2652",0.0711864
1222,"9104","2652",0.0711864
1223,"9103","2652",0.0711864
1224,"9101","2652",0.0711864
1225,"9107","2652",0.0711864
1226,"9108","2652",0.0711864
1227,"9106","2652",0.0711864
1228,"9199","2652",0.0711864
1229,"9111","2652",0.0711864
1230,"9110","2652",0.0711864
1231,"9021","2660",0.25
1232,"9022","2660",0.5
1233,"9018","2660",0.25
1234,"9002","2670",0.0923077
1235,"9013","2670",0.0923077
1236,"9011","2670",0.0923077
1237,"9010","2670",0.0923077
1238,"9008","2670",0.0923077
1239,"9620","2670",0.0461538
1240,"9007","2670",0.0923077
1241,"9006","2670",0.0923077
1242,"9005","2670",0.0923077
1243,"9031","2670",0.0307692
1244,"9029","2670",0.0461538
1245,"9027","2670",0.0461538
1246,"9001","2670",0.0307692
1247,"8525","2670",0.0307692
1248,"9015","2670",0.0307692
1249,"8523","2680",1.0
1250,"8501","2711",0.3333333
1251,"8503","2711",0.3333333
1252,"8504","2711",0.1666667
1253,"8502","2711",0.1666667
1254,"8538","2712",0.3333333
1255,"8535","2712",0.1666667
1256,"8536","2712",0.1666667
1257,"8537","2712",0.3333333
1258,"8506","2720",0.5
1259,"8507","2720",0.5
1260,"8544","2731",0.4285714
1261,"9001","2731",0.5714286
1262,"8544","2732",1.0
1263,"3925","2733",0.375
1264,"8547","2733",0.25
1265,"8536","2733",0.375
1266,"8512","2740",0.125
1267,"8513","2740",0.375
1268,"8539","2740",0.375
1269,"9405","2740",0.125
1270,"8450","2751",0.0731707
1271,"8509","2751",0.1463415
1272,"8414","2751",0.0487805
1273,"8508","2751",0.1463415
1274,"8516","2751",0.1463415
1275,"6301","2751",0.0731707
1276,"8451","2751",0.0731707
1277,"8422","2751",0.0731707
1278,"8418","2751",0.0731707
1279,"8510","2751",0.1463415
1280,"7418","2752",0.2307692
1281,"7322","2752",0.2307692
1282,"8419","2752",0.0769231
1283,"7321","2752",0.4615385
1284,"8543","2790",0.0472441
1285,"8544","2790",0.023622
1286,"8515","2790",0.0944882
1287,"8535","2790",0.0472441
1288,"8533","2790",0.0944882
1289,"8532","2790",0.0944882
1290,"8531","2790",0.0472441
1291,"8530","2790",0.0944882
1292,"8545","2790",0.0944882
1293,"8547","2790",0.0314961
1294,"8548","2790",0.0472441
1295,"8598","2790",0.0944882
1296,"8599","2790",0.0472441
1297,"8546","2790",0.0314961
1298,"8504","2790",0.0472441
1299,"8505","2790",0.0314961
1300,"9880","2790",0.0314961
1301,"8407","2811",0.0769231
1302,"8408","2811",0.1153846
1303,"8409","2811",0.1153846
1304,"8410","2811",0.2307692
1305,"8411","2811",0.1153846
1306,"8502","2811",0.1153846
1307,"8406","2811",0.2307692
1308,"8412","2812",0.3333333
1309,"8413","2812",0.3333333
1310,"8481","2812",0.3333333
1311,"8414","2813",0.4
1312,"8413","2813",0.6
1313,"8481","2814",1.0
1314,"7315","2815",0.2
1315,"8483","2815",0.4
1316,"8482","2815",0.4
1317,"8514","2821",0.4
1318,"8417","2821",0.2
1319,"8416","2821",0.4
1320,"8428","2822",0.1
1321,"8427","2822",0.2
1322,"8426","2822",0.2
1323,"8425","2822",0.2
1324,"8709","2822",0.2
1325,"8431","2822",0.1
1326,"8443","2823",0.0967742
1327,"8472","2823",0.1935484
1328,"8519","2823",0.1290323
1329,"8473","2823",0.1935484
1330,"8470","2823",0.3870968
1331,"8467","2824",1.0
1332,"8414","2825",0.1515152
1333,"8415","2825",0.4545455
1334,"8418","2825",0.2272727
1335,"8419","2825",0.0757576
1336,"8421","2825",0.0909091
1337,"8419","2829",0.0191571
1338,"8484","2829",0.1149425
1339,"8420","2829",0.1149425
1340,"8476","2829",0.1149425
1341,"9017","2829",0.0574713
1342,"8423","2829",0.1149425
1343,"8468","2829",0.1149425
1344,"9015","2829",0.0383142
1345,"8405","2829",0.1149425
1346,"8422","2829",0.0574713
1347,"8424","2829",0.0574713
1348,"8487","2829",0.0574713
1349,"8421","2829",0.0229885
1350,"8716","2830",0.0666667
1351,"8499","2830",0.0666667
1352,"8701","2830",0.0666667
1353,"8432","2830",0.2
1354,"8433","2830",0.2
1355,"8434","2830",0.1
1356,"8436","2830",0.2
1357,"8424","2830",0.1
1358,"8466","2841",0.0454545
1359,"8460","2841",0.1363636
1360,"8463","2841",0.1363636
1361,"8459","2841",0.0681818
1362,"8461","2841",0.1363636
1363,"8458","2841",0.1363636
1364,"8457","2841",0.1363636
1365,"8456","2841",0.1363636
1366,"8462","2841",0.0681818
1367,"8499","2849",0.0754717
1368,"8479","2849",0.0566038
1369,"8466","2849",0.0754717
1370,"8465","2849",0.2264151
1371,"8464","2849",0.2264151
1372,"8462","2849",0.1132075
1373,"8459","2849",0.1132075
1374,"8543","2849",0.1132075
1375,"8454","2891",0.5
1376,"8455","2891",0.5
1377,"8701","2892",0.0727273
1378,"8474","2892",0.1090909
1379,"8704","2892",0.1090909
1380,"8479","2892",0.0545455
1381,"8431","2892",0.1090909
1382,"8430","2892",0.2181818
1383,"8429","2892",0.2181818
1384,"8428","2892",0.1090909
1385,"8419","2893",0.0296736
1386,"8478","2893",0.1780415
1387,"8438","2893",0.1780415
1388,"8437","2893",0.1780415
1389,"8417","2893",0.0890208
1390,"8435","2893",0.1780415
1391,"8434","2893",0.0890208
1392,"8479","2893",0.0445104
1393,"8421","2893",0.0356083
1394,"8445","2894",0.1058201
1395,"8449","2894",0.1058201
1396,"8450","2894",0.0529101
1397,"8451","2894",0.0529101
1398,"8452","2894",0.1058201
1399,"8443","2894",0.026455
1400,"8453","2894",0.1058201
1401,"8447","2894",0.1058201
1402,"8446","2894",0.1058201
1403,"8444","2894",0.1058201
1404,"8421","2894",0.021164
1405,"8448","2894",0.1058201
1406,"8439","2895",0.5
1407,"8441","2895",0.5
1408,"8477","2896",1.0
1409,"9998","2899",0.1012048
1410,"9880","2899",0.0337349
1411,"9508","2899",0.1012048
1412,"8443","2899",0.0253012
1413,"9920","2899",0.0048193
1414,"8442","2899",0.0506024
1415,"8440","2899",0.1012048
1416,"8419","2899",0.0168675
1417,"8479","2899",0.0253012
1418,"9031","2899",0.0337349
1419,"8805","2899",0.0506024
1420,"8401","2899",0.0337349
1421,"8466","2899",0.0337349
1422,"8499","2899",0.0337349
1423,"8475","2899",0.1012048
1424,"8486","2899",0.1012048
1425,"8474","2899",0.0506024
1426,"8498","2899",0.1012048
1427,"8705","2910",0.1764706
1428,"8702","2910",0.1764706
1429,"8706","2910",0.1764706
1430,"8701","2910",0.0588235
1431,"8703","2910",0.1764706
1432,"8408","2910",0.0882353
1433,"8704","2910",0.0882353
1434,"8407","2910",0.0588235
1435,"8609","2920",0.4285714
1436,"8716","2920",0.1428571
1437,"8707","2920",0.4285714
1438,"8544","2931",0.1578947
1439,"8512","2931",0.2105263
1440,"8511","2931",0.6315789
1441,"8708","2932",0.75
1442,"9401","2932",0.25
1443,"8904","3011",0.1666667
1444,"8901","3011",0.1666667
1445,"8902","3011",0.1666667
1446,"8907","3011",0.1666667
1447,"8906","3011",0.1666667
1448,"8905","3011",0.1666667
1449,"8903","3012",1.0
1450,"8603","3020",0.125
1451,"8608","3020",0.125
1452,"8602","3020",0.125
1453,"8601","3020",0.125
1454,"8605","3020",0.125
1455,"8606","3020",0.125
1456,"8604","3020",0.125
1457,"8607","3020",0.125
1458,"8411","3030",0.0882353
1459,"8407","3030",0.0588235
1460,"8412","3030",0.0882353
1461,"9401","3030",0.0588235
1462,"8409","3030",0.0882353
1463,"8802","3030",0.1764706
1464,"8803","3030",0.1764706
1465,"8805","3030",0.0882353
1466,"8801","3030",0.1764706
1467,"8710","3040",1.0
1468,"8714","3091",0.3333333
1469,"8711","3091",0.6666667
1470,"8715","3092",0.2608696
1471,"8712","3092",0.2608696
1472,"8713","3092",0.2608696
1473,"8714","3092",0.1304348
1474,"8512","3092",0.0869565
1475,"8716","3099",1.0
1476,"9403","3100",0.4285714
1477,"9401","3100",0.5714286
1478,"9403","3101",1.0
1479,"9403","3102",1.0
1480,"9404","3103",1.0
1481,"9403","3109",1.0
1482,"7118","3211",1.0
1483,"7105","3212",0.1268882
1484,"7114","3212",0.1268882
1485,"7102","3212",0.0634441
1486,"7104","3212",0.0634441
1487,"9920","3212",0.0060423
1488,"7199","3212",0.1268882
1489,"7103","3212",0.0634441
1490,"7116","3212",0.1268882
1491,"7113","3212",0.1268882
1492,"7101","3212",0.0634441
1493,"7115","3212",0.0634441
1494,"9113","3212",0.0422961
1495,"7117","3213",0.75
1496,"9113","3213",0.25
1497,"9202","3220",0.1242604
1498,"9920","3220",0.0059172
1499,"9201","3220",0.1242604
1500,"9205","3220",0.1242604
1501,"9206","3220",0.1242604
1502,"9207","3220",0.1242604
1503,"9208","3220",0.1242604
1504,"9209","3220",0.1242604
1505,"9299","3220",0.1242604
1506,"6403","3230",0.1163435
1507,"9506","3230",0.232687
1508,"9920","3230",0.0110803
1509,"9507","3230",0.232687
1510,"9599","3230",0.232687
1511,"6402","3230",0.1163435
1512,"4203","3230",0.0581717
1513,"9504","3240",0.3333333
1514,"9503","3240",0.6666667
1515,"9920","3250",0.0058928
1516,"9402","3250",0.1237478
1517,"9021","3250",0.0618739
1518,"9004","3250",0.1237478
1519,"9003","3250",0.1237478
1520,"9019","3250",0.1237478
1521,"8419","3250",0.0206246
1522,"9001","3250",0.0412493
1523,"8421","3250",0.0247496
1524,"3006","3250",0.0412493
1525,"9099","3250",0.1237478
1526,"6307","3250",0.0618739
1527,"9018","3250",0.0618739
1528,"9025","3250",0.0618739
1529,"9603","3291",1.0
1530,"4905","3299",0.014438
1531,"9614","3299",0.014438
1532,"9613","3299",0.0288759
1533,"9612","3299",0.0288759
1534,"9611","3299",0.0288759
1535,"9610","3299",0.0288759
1536,"9609","3299",0.0288759
1537,"9608","3299",0.0288759
1538,"9607","3299",0.0288759
1539,"9606","3299",0.0288759
1540,"9699","3299",0.0288759
1541,"9604","3299",0.0288759
1542,"9602","3299",0.0288759
1543,"6704","3299",0.0288759
1544,"9950","3299",0.0288759
1545,"9601","3299",0.0288759
1546,"9999","3299",0.0288759
1547,"9023","3299",0.0288759
1548,"3406","3299",0.0288759
1549,"3606","3299",0.0288759
1550,"3699","3299",0.014438
1551,"6506","3299",0.0096253
1552,"6601","3299",0.0288759
1553,"6602","3299",0.0288759
1554,"9931","3299",0.0288759
1555,"9930","3299",0.0288759
1556,"6603","3299",0.014438
1557,"6702","3299",0.0288759
1558,"9920","3299",0.001375
1559,"4203","3299",0.007219
1560,"4206","3299",0.0288759
1561,"4421","3299",0.014438
1562,"9616","3299",0.014438
1563,"9617","3299",0.0288759
1564,"6703","3299",0.0288759
1565,"9618","3299",0.0288759
1566,"9919","3299",0.0288759
1567,"9905","3299",0.0288759
1568,"9505","3299",0.0288759
1569,"9020","3299",0.0288759
1570,"2716","3511",1.0
1571,"2705","3521",1.0
1572,"3825","3700",1.0
1573,"4012","3811",0.020979
1574,"5103","3811",0.020979
1575,"5003","3811",0.041958
1576,"8908","3811",0.041958
1577,"8112","3811",0.013986
1578,"8109","3811",0.020979
1579,"8108","3811",0.020979
1580,"8107","3811",0.020979
1581,"8105","3811",0.020979
1582,"8104","3811",0.020979
1583,"8103","3811",0.020979
1584,"8102","3811",0.020979
1585,"8101","3811",0.020979
1586,"8002","3811",0.041958
1587,"7902","3811",0.041958
1588,"7802","3811",0.041958
1589,"7602","3811",0.041958
1590,"7503","3811",0.041958
1591,"7404","3811",0.041958
1592,"3825","3811",0.0104895
1593,"3915","3811",0.041958
1594,"4004","3811",0.041958
1595,"4115","3811",0.020979
1596,"4401","3811",0.0104895
1597,"7204","3811",0.020979
1598,"5202","3811",0.020979
1599,"7112","3811",0.041958
1600,"4707","3811",0.041958
1601,"7001","3811",0.020979
1602,"5505","3811",0.041958
1603,"2618","3811",0.041958
1604,"2619","3811",0.041958
1605,"2620","3811",0.041958
1606,"8548","3812",0.2608696
1607,"2710","3812",0.2608696
1608,"3006","3812",0.173913
1609,"2844","3812",0.173913
1610,"3825","3812",0.1304348
1611,"2621","3821",0.6666667
1612,"3825","3821",0.3333333
1613,"8110","3832",0.6
1614,"8112","3832",0.4
1615,"4905","5811",0.2
1616,"4903","5811",0.4
1617,"4901","5811",0.4
1618,"4902","5813",1.0
1619,"4902","5814",1.0
1620,"4911","5819",0.1653543
1621,"4907","5819",0.1653543
1622,"9920","5819",0.007874
1623,"4999","5819",0.1653543
1624,"4910","5819",0.1653543
1625,"4909","5819",0.1653543
1626,"4908","5819",0.1653543
1627,"8523","5829",1.0
1628,"3706","5911",0.4516129
1629,"8523","5911",0.0752688
1630,"3799","5911",0.4516129
1631,"9920","5911",0.0215054
1632,"4904","5920",0.8571429
1633,"8523","5920",0.1428571
1634,"4906","7111",1.0
1635,"3705","7420",0.5
1636,"3704","7420",0.5
1637,"9703","9003",0.3333333
1638,"9702","9003",0.3333333
1639,"9701","9003",0.3333333
1640,"9706","9102",0.3333333
1641,"9705","9102",0.3333333
1642,"9704","9102",0.3333333
1643,"0501","9602",1.0
